<?xml version="1.0" encoding="UTF-8" ?>
<module>
	<name>cardgateprzelewy24</name>
	<displayName><![CDATA[CardGate Przelewy24]]></displayName>
	<version><![CDATA[1.6.11]]></version>
	<description><![CDATA[Accepts payments with CardGate Przelewy24.]]></description>
	<author><![CDATA[CardGate]]></author>
	<tab><![CDATA[payments_gateways]]></tab>
	<confirmUninstall><![CDATA[Are you sure you want to delete your details?]]></confirmUninstall>
	<is_configurable>0</is_configurable>
	<need_instance>1</need_instance>
	<limited_countries></limited_countries>
</module>